Subject ,Age,Sex,ChoiceCondition,ExcCondition,leftprice,rightprice,response,resPrice,chosentype,rt,social over non ,nonsocial over social ,friends over fam,fam over s/o,s/o over friends,fam over friends,friends over s/o,s/o over fam,enjoy,ums avg,ums aff,ums int,person,thing,P-T,OPC sum,sns online support,sns online victim,sns in person victim,bis,bas drive,bas fun,bas reward responsiveness,iri sum,iri pt,iri fantasy, iri empathy,iri personal distress,rse,aq,mspss avg,mspss sig other,mspss fam,mspss friend,bad-good,sad-happy,tense-relaxed,accepted-rejected,"%socia, chosen total",%social chosen pre,%social chosen post,$pre social (SvNS & SvS),$Pre nonsocial,$post social(SvN & SvS),$post nonsocial,$pre total,$post total,$social total,$nonsocial total,Spre social (SvNS),$Post social (NvS),% Change Pre-Post,$Pre SvS,$Post SvS,$Social Total (SvNS)
exc12,18,0,0,0,0.05,0.01,NA,NA,NA,NA,4,4,7,4,6,4,7,5,7,2.53,2.44,2.6,23,14,9,44,35,17,11,19,11,13,15,39,9,6,12,12,17,25,6.33,5.75,6.75,6.5,5,6,7,7,0.521,0.575,0.467,0.9,0.37,0.72,0.45,1.27,1.17,1.62,0.82,0.48,0.37,0.108,0.42,0.35,0.85
exc12 ,18,0,0,0,0.05,0.02,2,0.02,0,1.551136715,4,4,7,4,6,4,7,5,7,2.53,2.44,2.6,23,14,9,44,35,17,11,19,11,13,15,39,9,6,12,12,17,25,6.33,5.75,6.75,6.5,5,6,7,7,0.521,0.575,0.467,0.9,0.37,0.72,0.45,1.27,1.17,1.62,0.82,0.48,0.37,0.108,0.42,0.35,0.85
exc12 ,18,0,0,0,0.02,0.02,2,0.02,1,3.068567739,4,4,7,4,6,4,7,5,7,2.53,2.44,2.6,23,14,9,44,35,17,11,19,11,13,15,39,9,6,12,12,17,25,6.33,5.75,6.75,6.5,5,6,7,7,0.521,0.575,0.467,0.9,0.37,0.72,0.45,1.27,1.17,1.62,0.82,0.48,0.37,0.108,0.42,0.35,0.85
exc12 ,18,0,0,0,0.05,0.01,NA,NA,NA,NA,4,4,7,4,6,4,7,5,7,2.53,2.44,2.6,23,14,9,44,35,17,11,19,11,13,15,39,9,6,12,12,17,25,6.33,5.75,6.75,6.5,5,6,7,7,0.521,0.575,0.467,0.9,0.37,0.72,0.45,1.27,1.17,1.62,0.82,0.48,0.37,0.108,0.42,0.35,0.85
exc12 ,18,0,0,0,0.03,0.02,2,0.02,0,1.451041016,4,4,7,4,6,4,7,5,7,2.53,2.44,2.6,23,14,9,44,35,17,11,19,11,13,15,39,9,6,12,12,17,25,6.33,5.75,6.75,6.5,5,6,7,7,0.521,0.575,0.467,0.9,0.37,0.72,0.45,1.27,1.17,1.62,0.82,0.48,0.37,0.108,0.42,0.35,0.85
exc12 ,18,0,0,0,0.02,0.03,1,0.02,1,1.600946171,4,4,7,4,6,4,7,5,7,2.53,2.44,2.6,23,14,9,44,35,17,11,19,11,13,15,39,9,6,12,12,17,25,6.33,5.75,6.75,6.5,5,6,7,7,0.521,0.575,0.467,0.9,0.37,0.72,0.45,1.27,1.17,1.62,0.82,0.48,0.37,0.108,0.42,0.35,0.85
exc12 ,18,0,0,0,0.02,0.03,2,0.03,1,1.601333074,4,4,7,4,6,4,7,5,7,2.53,2.44,2.6,23,14,9,44,35,17,11,19,11,13,15,39,9,6,12,12,17,25,6.33,5.75,6.75,6.5,5,6,7,7,0.521,0.575,0.467,0.9,0.37,0.72,0.45,1.27,1.17,1.62,0.82,0.48,0.37,0.108,0.42,0.35,0.85
exc12 ,18,0,0,0,0.01,0.05,1,0.01,0,2.667970652,4,4,7,4,6,4,7,5,7,2.53,2.44,2.6,23,14,9,44,35,17,11,19,11,13,15,39,9,6,12,12,17,25,6.33,5.75,6.75,6.5,5,6,7,7,0.521,0.575,0.467,0.9,0.37,0.72,0.45,1.27,1.17,1.62,0.82,0.48,0.37,0.108,0.42,0.35,0.85
exc12 ,18,0,0,0,0.03,0.04,1,0.03,0,2.584954684,4,4,7,4,6,4,7,5,7,2.53,2.44,2.6,23,14,9,44,35,17,11,19,11,13,15,39,9,6,12,12,17,25,6.33,5.75,6.75,6.5,5,6,7,7,0.521,0.575,0.467,0.9,0.37,0.72,0.45,1.27,1.17,1.62,0.82,0.48,0.37,0.108,0.42,0.35,0.85
exc12 ,18,0,0,0,0.03,0.05,NA,NA,NA,NA,4,4,7,4,6,4,7,5,7,2.53,2.44,2.6,23,14,9,44,35,17,11,19,11,13,15,39,9,6,12,12,17,25,6.33,5.75,6.75,6.5,5,6,7,7,0.521,0.575,0.467,0.9,0.37,0.72,0.45,1.27,1.17,1.62,0.82,0.48,0.37,0.108,0.42,0.35,0.85
exc12 ,18,0,0,0,0.04,0.04,1,0.04,1,2.385042888,4,4,7,4,6,4,7,5,7,2.53,2.44,2.6,23,14,9,44,35,17,11,19,11,13,15,39,9,6,12,12,17,25,6.33,5.75,6.75,6.5,5,6,7,7,0.521,0.575,0.467,0.9,0.37,0.72,0.45,1.27,1.17,1.62,0.82,0.48,0.37,0.108,0.42,0.35,0.85
exc12 ,18,0,0,0,0.04,0.01,1,0.04,0,2.318307963,4,4,7,4,6,4,7,5,7,2.53,2.44,2.6,23,14,9,44,35,17,11,19,11,13,15,39,9,6,12,12,17,25,6.33,5.75,6.75,6.5,5,6,7,7,0.521,0.575,0.467,0.9,0.37,0.72,0.45,1.27,1.17,1.62,0.82,0.48,0.37,0.108,0.42,0.35,0.85
exc12 ,18,0,0,0,0.05,0.03,NA,NA,NA,NA,4,4,7,4,6,4,7,5,7,2.53,2.44,2.6,23,14,9,44,35,17,11,19,11,13,15,39,9,6,12,12,17,25,6.33,5.75,6.75,6.5,5,6,7,7,0.521,0.575,0.467,0.9,0.37,0.72,0.45,1.27,1.17,1.62,0.82,0.48,0.37,0.108,0.42,0.35,0.85
exc12 ,18,0,0,0,0.03,0.01,2,0.01,0,2.151551051,4,4,7,4,6,4,7,5,7,2.53,2.44,2.6,23,14,9,44,35,17,11,19,11,13,15,39,9,6,12,12,17,25,6.33,5.75,6.75,6.5,5,6,7,7,0.521,0.575,0.467,0.9,0.37,0.72,0.45,1.27,1.17,1.62,0.82,0.48,0.37,0.108,0.42,0.35,0.85
exc12 ,18,0,0,0,0.02,0.05,1,0.02,0,3.885534759,4,4,7,4,6,4,7,5,7,2.53,2.44,2.6,23,14,9,44,35,17,11,19,11,13,15,39,9,6,12,12,17,25,6.33,5.75,6.75,6.5,5,6,7,7,0.521,0.575,0.467,0.9,0.37,0.72,0.45,1.27,1.17,1.62,0.82,0.48,0.37,0.108,0.42,0.35,0.85
exc12 ,18,0,0,0,0.01,0.02,2,0.02,1,2.434813156,4,4,7,4,6,4,7,5,7,2.53,2.44,2.6,23,14,9,44,35,17,11,19,11,13,15,39,9,6,12,12,17,25,6.33,5.75,6.75,6.5,5,6,7,7,0.521,0.575,0.467,0.9,0.37,0.72,0.45,1.27,1.17,1.62,0.82,0.48,0.37,0.108,0.42,0.35,0.85
exc12 ,18,0,0,0,0.05,0.02,2,0.02,1,3.768657591,4,4,7,4,6,4,7,5,7,2.53,2.44,2.6,23,14,9,44,35,17,11,19,11,13,15,39,9,6,12,12,17,25,6.33,5.75,6.75,6.5,5,6,7,7,0.521,0.575,0.467,0.9,0.37,0.72,0.45,1.27,1.17,1.62,0.82,0.48,0.37,0.108,0.42,0.35,0.85
exc12 ,18,0,0,0,0.01,0.02,NA,NA,NA,NA,4,4,7,4,6,4,7,5,7,2.53,2.44,2.6,23,14,9,44,35,17,11,19,11,13,15,39,9,6,12,12,17,25,6.33,5.75,6.75,6.5,5,6,7,7,0.521,0.575,0.467,0.9,0.37,0.72,0.45,1.27,1.17,1.62,0.82,0.48,0.37,0.108,0.42,0.35,0.85
exc12 ,18,0,0,0,0.01,0.04,2,0.04,1,1.167356241,4,4,7,4,6,4,7,5,7,2.53,2.44,2.6,23,14,9,44,35,17,11,19,11,13,15,39,9,6,12,12,17,25,6.33,5.75,6.75,6.5,5,6,7,7,0.521,0.575,0.467,0.9,0.37,0.72,0.45,1.27,1.17,1.62,0.82,0.48,0.37,0.108,0.42,0.35,0.85
exc12 ,18,0,0,0,0.05,0.02,2,0.02,0,2.551394236,4,4,7,4,6,4,7,5,7,2.53,2.44,2.6,23,14,9,44,35,17,11,19,11,13,15,39,9,6,12,12,17,25,6.33,5.75,6.75,6.5,5,6,7,7,0.521,0.575,0.467,0.9,0.37,0.72,0.45,1.27,1.17,1.62,0.82,0.48,0.37,0.108,0.42,0.35,0.85
exc12 ,18,0,0,0,0.01,0.03,1,0.01,1,2.117679899,4,4,7,4,6,4,7,5,7,2.53,2.44,2.6,23,14,9,44,35,17,11,19,11,13,15,39,9,6,12,12,17,25,6.33,5.75,6.75,6.5,5,6,7,7,0.521,0.575,0.467,0.9,0.37,0.72,0.45,1.27,1.17,1.62,0.82,0.48,0.37,0.108,0.42,0.35,0.85
exc12 ,18,0,0,0,0.02,0.01,2,0.01,1,1.918323888,4,4,7,4,6,4,7,5,7,2.53,2.44,2.6,23,14,9,44,35,17,11,19,11,13,15,39,9,6,12,12,17,25,6.33,5.75,6.75,6.5,5,6,7,7,0.521,0.575,0.467,0.9,0.37,0.72,0.45,1.27,1.17,1.62,0.82,0.48,0.37,0.108,0.42,0.35,0.85
exc12 ,18,0,0,0,0.04,0.03,NA,NA,NA,NA,4,4,7,4,6,4,7,5,7,2.53,2.44,2.6,23,14,9,44,35,17,11,19,11,13,15,39,9,6,12,12,17,25,6.33,5.75,6.75,6.5,5,6,7,7,0.521,0.575,0.467,0.9,0.37,0.72,0.45,1.27,1.17,1.62,0.82,0.48,0.37,0.108,0.42,0.35,0.85
exc12 ,18,0,0,0,0.04,0.03,NA,NA,NA,NA,4,4,7,4,6,4,7,5,7,2.53,2.44,2.6,23,14,9,44,35,17,11,19,11,13,15,39,9,6,12,12,17,25,6.33,5.75,6.75,6.5,5,6,7,7,0.521,0.575,0.467,0.9,0.37,0.72,0.45,1.27,1.17,1.62,0.82,0.48,0.37,0.108,0.42,0.35,0.85
exc12 ,18,0,0,0,0.01,0.05,2,0.05,1,1.500886238,4,4,7,4,6,4,7,5,7,2.53,2.44,2.6,23,14,9,44,35,17,11,19,11,13,15,39,9,6,12,12,17,25,6.33,5.75,6.75,6.5,5,6,7,7,0.521,0.575,0.467,0.9,0.37,0.72,0.45,1.27,1.17,1.62,0.82,0.48,0.37,0.108,0.42,0.35,0.85
exc12 ,18,0,0,0,0.05,0.03,2,0.03,0,2.868387226,4,4,7,4,6,4,7,5,7,2.53,2.44,2.6,23,14,9,44,35,17,11,19,11,13,15,39,9,6,12,12,17,25,6.33,5.75,6.75,6.5,5,6,7,7,0.521,0.575,0.467,0.9,0.37,0.72,0.45,1.27,1.17,1.62,0.82,0.48,0.37,0.108,0.42,0.35,0.85
exc12 ,18,0,0,0,0.03,0.01,NA,NA,NA,NA,4,4,7,4,6,4,7,5,7,2.53,2.44,2.6,23,14,9,44,35,17,11,19,11,13,15,39,9,6,12,12,17,25,6.33,5.75,6.75,6.5,5,6,7,7,0.521,0.575,0.467,0.9,0.37,0.72,0.45,1.27,1.17,1.62,0.82,0.48,0.37,0.108,0.42,0.35,0.85
exc12 ,18,0,0,0,0.05,0.03,2,0.03,0,2.651446394,4,4,7,4,6,4,7,5,7,2.53,2.44,2.6,23,14,9,44,35,17,11,19,11,13,15,39,9,6,12,12,17,25,6.33,5.75,6.75,6.5,5,6,7,7,0.521,0.575,0.467,0.9,0.37,0.72,0.45,1.27,1.17,1.62,0.82,0.48,0.37,0.108,0.42,0.35,0.85
exc12 ,18,0,0,0,0.01,0.04,1,0.01,0,2.084591573,4,4,7,4,6,4,7,5,7,2.53,2.44,2.6,23,14,9,44,35,17,11,19,11,13,15,39,9,6,12,12,17,25,6.33,5.75,6.75,6.5,5,6,7,7,0.521,0.575,0.467,0.9,0.37,0.72,0.45,1.27,1.17,1.62,0.82,0.48,0.37,0.108,0.42,0.35,0.85
exc12 ,18,0,0,0,0.01,0.04,1,0.01,1,2.20165566,4,4,7,4,6,4,7,5,7,2.53,2.44,2.6,23,14,9,44,35,17,11,19,11,13,15,39,9,6,12,12,17,25,6.33,5.75,6.75,6.5,5,6,7,7,0.521,0.575,0.467,0.9,0.37,0.72,0.45,1.27,1.17,1.62,0.82,0.48,0.37,0.108,0.42,0.35,0.85
exc12 ,18,0,0,0,0.03,0.02,2,0.02,1,1.98479818,4,4,7,4,6,4,7,5,7,2.53,2.44,2.6,23,14,9,44,35,17,11,19,11,13,15,39,9,6,12,12,17,25,6.33,5.75,6.75,6.5,5,6,7,7,0.521,0.575,0.467,0.9,0.37,0.72,0.45,1.27,1.17,1.62,0.82,0.48,0.37,0.108,0.42,0.35,0.85
exc12 ,18,0,0,0,0.01,0.03,1,0.01,1,2.084847539,4,4,7,4,6,4,7,5,7,2.53,2.44,2.6,23,14,9,44,35,17,11,19,11,13,15,39,9,6,12,12,17,25,6.33,5.75,6.75,6.5,5,6,7,7,0.521,0.575,0.467,0.9,0.37,0.72,0.45,1.27,1.17,1.62,0.82,0.48,0.37,0.108,0.42,0.35,0.85
exc12 ,18,0,0,0,0.05,0.01,2,0.01,1,2.551720181,4,4,7,4,6,4,7,5,7,2.53,2.44,2.6,23,14,9,44,35,17,11,19,11,13,15,39,9,6,12,12,17,25,6.33,5.75,6.75,6.5,5,6,7,7,0.521,0.575,0.467,0.9,0.37,0.72,0.45,1.27,1.17,1.62,0.82,0.48,0.37,0.108,0.42,0.35,0.85
exc12 ,18,0,0,0,0.03,0.03,1,0.03,1,2.701839005,4,4,7,4,6,4,7,5,7,2.53,2.44,2.6,23,14,9,44,35,17,11,19,11,13,15,39,9,6,12,12,17,25,6.33,5.75,6.75,6.5,5,6,7,7,0.521,0.575,0.467,0.9,0.37,0.72,0.45,1.27,1.17,1.62,0.82,0.48,0.37,0.108,0.42,0.35,0.85
exc12 ,18,0,0,0,0.02,0.02,1,0.02,0,2.801571127,4,4,7,4,6,4,7,5,7,2.53,2.44,2.6,23,14,9,44,35,17,11,19,11,13,15,39,9,6,12,12,17,25,6.33,5.75,6.75,6.5,5,6,7,7,0.521,0.575,0.467,0.9,0.37,0.72,0.45,1.27,1.17,1.62,0.82,0.48,0.37,0.108,0.42,0.35,0.85
exc12 ,18,0,0,0,0.04,0.01,2,0.01,0,2.468530355,4,4,7,4,6,4,7,5,7,2.53,2.44,2.6,23,14,9,44,35,17,11,19,11,13,15,39,9,6,12,12,17,25,6.33,5.75,6.75,6.5,5,6,7,7,0.521,0.575,0.467,0.9,0.37,0.72,0.45,1.27,1.17,1.62,0.82,0.48,0.37,0.108,0.42,0.35,0.85
exc12 ,18,0,0,0,0.02,0.04,1,0.02,0,2.551117432,4,4,7,4,6,4,7,5,7,2.53,2.44,2.6,23,14,9,44,35,17,11,19,11,13,15,39,9,6,12,12,17,25,6.33,5.75,6.75,6.5,5,6,7,7,0.521,0.575,0.467,0.9,0.37,0.72,0.45,1.27,1.17,1.62,0.82,0.48,0.37,0.108,0.42,0.35,0.85
exc12 ,18,0,0,0,0.02,0.04,1,0.02,1,2.117668701,4,4,7,4,6,4,7,5,7,2.53,2.44,2.6,23,14,9,44,35,17,11,19,11,13,15,39,9,6,12,12,17,25,6.33,5.75,6.75,6.5,5,6,7,7,0.521,0.575,0.467,0.9,0.37,0.72,0.45,1.27,1.17,1.62,0.82,0.48,0.37,0.108,0.42,0.35,0.85
exc12 ,18,0,0,0,0.02,0.05,1,0.02,1,3.734993576,4,4,7,4,6,4,7,5,7,2.53,2.44,2.6,23,14,9,44,35,17,11,19,11,13,15,39,9,6,12,12,17,25,6.33,5.75,6.75,6.5,5,6,7,7,0.521,0.575,0.467,0.9,0.37,0.72,0.45,1.27,1.17,1.62,0.82,0.48,0.37,0.108,0.42,0.35,0.85
exc12 ,18,0,0,0,0.03,0.03,1,0.03,1,2.451488568,4,4,7,4,6,4,7,5,7,2.53,2.44,2.6,23,14,9,44,35,17,11,19,11,13,15,39,9,6,12,12,17,25,6.33,5.75,6.75,6.5,5,6,7,7,0.521,0.575,0.467,0.9,0.37,0.72,0.45,1.27,1.17,1.62,0.82,0.48,0.37,0.108,0.42,0.35,0.85
exc12 ,18,0,0,0,0.01,0.05,1,0.01,1,2.701616628,4,4,7,4,6,4,7,5,7,2.53,2.44,2.6,23,14,9,44,35,17,11,19,11,13,15,39,9,6,12,12,17,25,6.33,5.75,6.75,6.5,5,6,7,7,0.521,0.575,0.467,0.9,0.37,0.72,0.45,1.27,1.17,1.62,0.82,0.48,0.37,0.108,0.42,0.35,0.85
exc12 ,18,0,0,0,0.02,0.01,NA,NA,NA,NA,4,4,7,4,6,4,7,5,7,2.53,2.44,2.6,23,14,9,44,35,17,11,19,11,13,15,39,9,6,12,12,17,25,6.33,5.75,6.75,6.5,5,6,7,7,0.521,0.575,0.467,0.9,0.37,0.72,0.45,1.27,1.17,1.62,0.82,0.48,0.37,0.108,0.42,0.35,0.85
exc12 ,18,0,0,0,0.01,0.01,2,0.01,1,2.151161036,4,4,7,4,6,4,7,5,7,2.53,2.44,2.6,23,14,9,44,35,17,11,19,11,13,15,39,9,6,12,12,17,25,6.33,5.75,6.75,6.5,5,6,7,7,0.521,0.575,0.467,0.9,0.37,0.72,0.45,1.27,1.17,1.62,0.82,0.48,0.37,0.108,0.42,0.35,0.85
exc12 ,18,0,0,0,0.03,0.05,1,0.03,0,2.501677151,4,4,7,4,6,4,7,5,7,2.53,2.44,2.6,23,14,9,44,35,17,11,19,11,13,15,39,9,6,12,12,17,25,6.33,5.75,6.75,6.5,5,6,7,7,0.521,0.575,0.467,0.9,0.37,0.72,0.45,1.27,1.17,1.62,0.82,0.48,0.37,0.108,0.42,0.35,0.85
exc12 ,18,0,0,0,0.04,0.05,1,0.04,0,3.28477022,4,4,7,4,6,4,7,5,7,2.53,2.44,2.6,23,14,9,44,35,17,11,19,11,13,15,39,9,6,12,12,17,25,6.33,5.75,6.75,6.5,5,6,7,7,0.521,0.575,0.467,0.9,0.37,0.72,0.45,1.27,1.17,1.62,0.82,0.48,0.37,0.108,0.42,0.35,0.85
exc12 ,18,0,0,0,0.02,0.05,1,0.02,1,2.084813328,4,4,7,4,6,4,7,5,7,2.53,2.44,2.6,23,14,9,44,35,17,11,19,11,13,15,39,9,6,12,12,17,25,6.33,5.75,6.75,6.5,5,6,7,7,0.521,0.575,0.467,0.9,0.37,0.72,0.45,1.27,1.17,1.62,0.82,0.48,0.37,0.108,0.42,0.35,0.85
exc12 ,18,0,0,0,0.05,0.01,NA,NA,NA,NA,4,4,7,4,6,4,7,5,7,2.53,2.44,2.6,23,14,9,44,35,17,11,19,11,13,15,39,9,6,12,12,17,25,6.33,5.75,6.75,6.5,5,6,7,7,0.521,0.575,0.467,0.9,0.37,0.72,0.45,1.27,1.17,1.62,0.82,0.48,0.37,0.108,0.42,0.35,0.85
exc12 ,18,0,0,0,0.01,0.05,1,0.01,0,1.267114176,4,4,7,4,6,4,7,5,7,2.53,2.44,2.6,23,14,9,44,35,17,11,19,11,13,15,39,9,6,12,12,17,25,6.33,5.75,6.75,6.5,5,6,7,7,0.521,0.575,0.467,0.9,0.37,0.72,0.45,1.27,1.17,1.62,0.82,0.48,0.37,0.108,0.42,0.35,0.85
exc12 ,18,0,0,0,0.04,0.02,2,0.02,1,2.101566804,4,4,7,4,6,4,7,5,7,2.53,2.44,2.6,23,14,9,44,35,17,11,19,11,13,15,39,9,6,12,12,17,25,6.33,5.75,6.75,6.5,5,6,7,7,0.521,0.575,0.467,0.9,0.37,0.72,0.45,1.27,1.17,1.62,0.82,0.48,0.37,0.108,0.42,0.35,0.85
exc12 ,18,0,0,0,0.04,0.01,2,0.01,1,2.451610796,4,4,7,4,6,4,7,5,7,2.53,2.44,2.6,23,14,9,44,35,17,11,19,11,13,15,39,9,6,12,12,17,25,6.33,5.75,6.75,6.5,5,6,7,7,0.521,0.575,0.467,0.9,0.37,0.72,0.45,1.27,1.17,1.62,0.82,0.48,0.37,0.108,0.42,0.35,0.85
exc12 ,18,0,1,0,0.02,0.04,1,0.02,1,2.801478755,4,4,7,4,6,4,7,5,7,2.53,2.44,2.6,23,14,9,44,35,17,11,19,11,13,15,39,9,6,12,12,17,25,6.33,5.75,6.75,6.5,5,6,7,7,0.521,0.575,0.467,0.9,0.37,0.72,0.45,1.27,1.17,1.62,0.82,0.48,0.37,0.108,0.42,0.35,0.85
exc12 ,18,0,1,0,0.04,0.02,2,0.02,1,2.3513599,4,4,7,4,6,4,7,5,7,2.53,2.44,2.6,23,14,9,44,35,17,11,19,11,13,15,39,9,6,12,12,17,25,6.33,5.75,6.75,6.5,5,6,7,7,0.521,0.575,0.467,0.9,0.37,0.72,0.45,1.27,1.17,1.62,0.82,0.48,0.37,0.108,0.42,0.35,0.85
exc12 ,18,0,1,0,0.02,0.05,1,0.02,1,2.401677867,4,4,7,4,6,4,7,5,7,2.53,2.44,2.6,23,14,9,44,35,17,11,19,11,13,15,39,9,6,12,12,17,25,6.33,5.75,6.75,6.5,5,6,7,7,0.521,0.575,0.467,0.9,0.37,0.72,0.45,1.27,1.17,1.62,0.82,0.48,0.37,0.108,0.42,0.35,0.85
exc12 ,18,0,1,0,0.03,0.04,1,0.03,1,1.818336111,4,4,7,4,6,4,7,5,7,2.53,2.44,2.6,23,14,9,44,35,17,11,19,11,13,15,39,9,6,12,12,17,25,6.33,5.75,6.75,6.5,5,6,7,7,0.521,0.575,0.467,0.9,0.37,0.72,0.45,1.27,1.17,1.62,0.82,0.48,0.37,0.108,0.42,0.35,0.85
exc12 ,18,0,1,0,0.04,0.03,2,0.03,1,2.168435776,4,4,7,4,6,4,7,5,7,2.53,2.44,2.6,23,14,9,44,35,17,11,19,11,13,15,39,9,6,12,12,17,25,6.33,5.75,6.75,6.5,5,6,7,7,0.521,0.575,0.467,0.9,0.37,0.72,0.45,1.27,1.17,1.62,0.82,0.48,0.37,0.108,0.42,0.35,0.85
exc12 ,18,0,1,0,0.01,0.05,1,0.01,1,1.334982442,4,4,7,4,6,4,7,5,7,2.53,2.44,2.6,23,14,9,44,35,17,11,19,11,13,15,39,9,6,12,12,17,25,6.33,5.75,6.75,6.5,5,6,7,7,0.521,0.575,0.467,0.9,0.37,0.72,0.45,1.27,1.17,1.62,0.82,0.48,0.37,0.108,0.42,0.35,0.85
exc12 ,18,0,1,0,0.01,0.05,1,0.01,1,2.468340324,4,4,7,4,6,4,7,5,7,2.53,2.44,2.6,23,14,9,44,35,17,11,19,11,13,15,39,9,6,12,12,17,25,6.33,5.75,6.75,6.5,5,6,7,7,0.521,0.575,0.467,0.9,0.37,0.72,0.45,1.27,1.17,1.62,0.82,0.48,0.37,0.108,0.42,0.35,0.85
exc12 ,18,0,1,0,0.03,0.03,1,0.03,1,2.101292488,4,4,7,4,6,4,7,5,7,2.53,2.44,2.6,23,14,9,44,35,17,11,19,11,13,15,39,9,6,12,12,17,25,6.33,5.75,6.75,6.5,5,6,7,7,0.521,0.575,0.467,0.9,0.37,0.72,0.45,1.27,1.17,1.62,0.82,0.48,0.37,0.108,0.42,0.35,0.85
exc12 ,18,0,1,0,0.05,0.03,2,0.03,1,2.118560695,4,4,7,4,6,4,7,5,7,2.53,2.44,2.6,23,14,9,44,35,17,11,19,11,13,15,39,9,6,12,12,17,25,6.33,5.75,6.75,6.5,5,6,7,7,0.521,0.575,0.467,0.9,0.37,0.72,0.45,1.27,1.17,1.62,0.82,0.48,0.37,0.108,0.42,0.35,0.85
exc12 ,18,0,1,0,0.03,0.05,NA,NA,NA,NA,4,4,7,4,6,4,7,5,7,2.53,2.44,2.6,23,14,9,44,35,17,11,19,11,13,15,39,9,6,12,12,17,25,6.33,5.75,6.75,6.5,5,6,7,7,0.521,0.575,0.467,0.9,0.37,0.72,0.45,1.27,1.17,1.62,0.82,0.48,0.37,0.108,0.42,0.35,0.85
exc12 ,18,0,1,0,0.02,0.01,2,0.01,1,2.601886372,4,4,7,4,6,4,7,5,7,2.53,2.44,2.6,23,14,9,44,35,17,11,19,11,13,15,39,9,6,12,12,17,25,6.33,5.75,6.75,6.5,5,6,7,7,0.521,0.575,0.467,0.9,0.37,0.72,0.45,1.27,1.17,1.62,0.82,0.48,0.37,0.108,0.42,0.35,0.85
exc12 ,18,0,1,0,0.04,0.01,2,0.01,1,2.017938134,4,4,7,4,6,4,7,5,7,2.53,2.44,2.6,23,14,9,44,35,17,11,19,11,13,15,39,9,6,12,12,17,25,6.33,5.75,6.75,6.5,5,6,7,7,0.521,0.575,0.467,0.9,0.37,0.72,0.45,1.27,1.17,1.62,0.82,0.48,0.37,0.108,0.42,0.35,0.85
exc12 ,18,0,1,0,0.01,0.04,1,0.01,1,2.034964371,4,4,7,4,6,4,7,5,7,2.53,2.44,2.6,23,14,9,44,35,17,11,19,11,13,15,39,9,6,12,12,17,25,6.33,5.75,6.75,6.5,5,6,7,7,0.521,0.575,0.467,0.9,0.37,0.72,0.45,1.27,1.17,1.62,0.82,0.48,0.37,0.108,0.42,0.35,0.85
exc12 ,18,0,1,0,0.02,0.03,1,0.02,1,2.017934402,4,4,7,4,6,4,7,5,7,2.53,2.44,2.6,23,14,9,44,35,17,11,19,11,13,15,39,9,6,12,12,17,25,6.33,5.75,6.75,6.5,5,6,7,7,0.521,0.575,0.467,0.9,0.37,0.72,0.45,1.27,1.17,1.62,0.82,0.48,0.37,0.108,0.42,0.35,0.85
exc12 ,18,0,1,0,0.05,0.02,2,0.02,1,2.735053291,4,4,7,4,6,4,7,5,7,2.53,2.44,2.6,23,14,9,44,35,17,11,19,11,13,15,39,9,6,12,12,17,25,6.33,5.75,6.75,6.5,5,6,7,7,0.521,0.575,0.467,0.9,0.37,0.72,0.45,1.27,1.17,1.62,0.82,0.48,0.37,0.108,0.42,0.35,0.85
exc12 ,18,0,1,0,0.03,0.01,2,0.01,1,2.00150656,4,4,7,4,6,4,7,5,7,2.53,2.44,2.6,23,14,9,44,35,17,11,19,11,13,15,39,9,6,12,12,17,25,6.33,5.75,6.75,6.5,5,6,7,7,0.521,0.575,0.467,0.9,0.37,0.72,0.45,1.27,1.17,1.62,0.82,0.48,0.37,0.108,0.42,0.35,0.85
exc12 ,18,0,1,0,0.02,0.05,1,0.02,1,3.001686637,4,4,7,4,6,4,7,5,7,2.53,2.44,2.6,23,14,9,44,35,17,11,19,11,13,15,39,9,6,12,12,17,25,6.33,5.75,6.75,6.5,5,6,7,7,0.521,0.575,0.467,0.9,0.37,0.72,0.45,1.27,1.17,1.62,0.82,0.48,0.37,0.108,0.42,0.35,0.85
exc12 ,18,0,1,0,0.05,0.01,1,0.05,1,3.368682846,4,4,7,4,6,4,7,5,7,2.53,2.44,2.6,23,14,9,44,35,17,11,19,11,13,15,39,9,6,12,12,17,25,6.33,5.75,6.75,6.5,5,6,7,7,0.521,0.575,0.467,0.9,0.37,0.72,0.45,1.27,1.17,1.62,0.82,0.48,0.37,0.108,0.42,0.35,0.85
exc12 ,18,0,1,0,0.03,0.02,2,0.02,1,2.11808173,4,4,7,4,6,4,7,5,7,2.53,2.44,2.6,23,14,9,44,35,17,11,19,11,13,15,39,9,6,12,12,17,25,6.33,5.75,6.75,6.5,5,6,7,7,0.521,0.575,0.467,0.9,0.37,0.72,0.45,1.27,1.17,1.62,0.82,0.48,0.37,0.108,0.42,0.35,0.85
exc12 ,18,0,1,0,0.01,0.02,1,0.01,1,3.751692314,4,4,7,4,6,4,7,5,7,2.53,2.44,2.6,23,14,9,44,35,17,11,19,11,13,15,39,9,6,12,12,17,25,6.33,5.75,6.75,6.5,5,6,7,7,0.521,0.575,0.467,0.9,0.37,0.72,0.45,1.27,1.17,1.62,0.82,0.48,0.37,0.108,0.42,0.35,0.85
exc12 ,18,0,1,0,0.01,0.01,NA,NA,NA,NA,4,4,7,4,6,4,7,5,7,2.53,2.44,2.6,23,14,9,44,35,17,11,19,11,13,15,39,9,6,12,12,17,25,6.33,5.75,6.75,6.5,5,6,7,7,0.521,0.575,0.467,0.9,0.37,0.72,0.45,1.27,1.17,1.62,0.82,0.48,0.37,0.108,0.42,0.35,0.85
exc12 ,18,0,1,0,0.02,0.02,1,0.02,1,3.418561348,4,4,7,4,6,4,7,5,7,2.53,2.44,2.6,23,14,9,44,35,17,11,19,11,13,15,39,9,6,12,12,17,25,6.33,5.75,6.75,6.5,5,6,7,7,0.521,0.575,0.467,0.9,0.37,0.72,0.45,1.27,1.17,1.62,0.82,0.48,0.37,0.108,0.42,0.35,0.85
exc12 ,18,0,1,0,0.05,0.02,NA,NA,NA,NA,4,4,7,4,6,4,7,5,7,2.53,2.44,2.6,23,14,9,44,35,17,11,19,11,13,15,39,9,6,12,12,17,25,6.33,5.75,6.75,6.5,5,6,7,7,0.521,0.575,0.467,0.9,0.37,0.72,0.45,1.27,1.17,1.62,0.82,0.48,0.37,0.108,0.42,0.35,0.85
exc12 ,18,0,1,0,0.05,0.01,2,0.01,1,2.218346934,4,4,7,4,6,4,7,5,7,2.53,2.44,2.6,23,14,9,44,35,17,11,19,11,13,15,39,9,6,12,12,17,25,6.33,5.75,6.75,6.5,5,6,7,7,0.521,0.575,0.467,0.9,0.37,0.72,0.45,1.27,1.17,1.62,0.82,0.48,0.37,0.108,0.42,0.35,0.85
exc12 ,18,0,1,0,0.01,0.03,1,0.01,1,1.618045186,4,4,7,4,6,4,7,5,7,2.53,2.44,2.6,23,14,9,44,35,17,11,19,11,13,15,39,9,6,12,12,17,25,6.33,5.75,6.75,6.5,5,6,7,7,0.521,0.575,0.467,0.9,0.37,0.72,0.45,1.27,1.17,1.62,0.82,0.48,0.37,0.108,0.42,0.35,0.85
exc12 ,18,0,0,1,0.02,0.02,1,0.02,0,2.751346153,4,5,7,5,6,5,5,6,7,2.53,2.44,2.6,23,14,9,44,35,17,11,19,11,13,15,39,9,6,12,12,17,25,6.33,5.75,6.75,6.5,5,6,7,7,0.521,0.575,0.467,0.9,0.37,0.72,0.45,1.27,1.17,1.62,0.82,0.48,0.37,0.108,0.42,0.35,0.85
exc12 ,18,0,0,1,0.02,0.05,1,0.02,1,2.2847273,4,5,7,5,6,5,5,6,7,2.53,2.44,2.6,23,14,9,44,35,17,11,19,11,13,15,39,9,6,12,12,17,25,6.33,5.75,6.75,6.5,5,6,7,7,0.521,0.575,0.467,0.9,0.37,0.72,0.45,1.27,1.17,1.62,0.82,0.48,0.37,0.108,0.42,0.35,0.85
exc12 ,18,0,0,1,0.01,0.05,1,0.01,0,2.801739386,4,5,7,5,6,5,5,6,7,2.53,2.44,2.6,23,14,9,44,35,17,11,19,11,13,15,39,9,6,12,12,17,25,6.33,5.75,6.75,6.5,5,6,7,7,0.521,0.575,0.467,0.9,0.37,0.72,0.45,1.27,1.17,1.62,0.82,0.48,0.37,0.108,0.42,0.35,0.85
exc12 ,18,0,0,1,0.01,0.03,1,0.01,1,1.85118371,4,5,7,5,6,5,5,6,7,2.53,2.44,2.6,23,14,9,44,35,17,11,19,11,13,15,39,9,6,12,12,17,25,6.33,5.75,6.75,6.5,5,6,7,7,0.521,0.575,0.467,0.9,0.37,0.72,0.45,1.27,1.17,1.62,0.82,0.48,0.37,0.108,0.42,0.35,0.85
exc12 ,18,0,0,1,0.03,0.04,1,0.03,0,3.135279337,4,5,7,5,6,5,5,6,7,2.53,2.44,2.6,23,14,9,44,35,17,11,19,11,13,15,39,9,6,12,12,17,25,6.33,5.75,6.75,6.5,5,6,7,7,0.521,0.575,0.467,0.9,0.37,0.72,0.45,1.27,1.17,1.62,0.82,0.48,0.37,0.108,0.42,0.35,0.85
exc12 ,18,0,0,1,0.04,0.05,1,0.04,0,2.468256661,4,5,7,5,6,5,5,6,7,2.53,2.44,2.6,23,14,9,44,35,17,11,19,11,13,15,39,9,6,12,12,17,25,6.33,5.75,6.75,6.5,5,6,7,7,0.521,0.575,0.467,0.9,0.37,0.72,0.45,1.27,1.17,1.62,0.82,0.48,0.37,0.108,0.42,0.35,0.85
exc12 ,18,0,0,1,0.02,0.01,2,0.01,1,1.801688068,4,5,7,5,6,5,5,6,7,2.53,2.44,2.6,23,14,9,44,35,17,11,19,11,13,15,39,9,6,12,12,17,25,6.33,5.75,6.75,6.5,5,6,7,7,0.521,0.575,0.467,0.9,0.37,0.72,0.45,1.27,1.17,1.62,0.82,0.48,0.37,0.108,0.42,0.35,0.85
exc12 ,18,0,0,1,0.01,0.04,1,0.01,0,2.451913726,4,5,7,5,6,5,5,6,7,2.53,2.44,2.6,23,14,9,44,35,17,11,19,11,13,15,39,9,6,12,12,17,25,6.33,5.75,6.75,6.5,5,6,7,7,0.521,0.575,0.467,0.9,0.37,0.72,0.45,1.27,1.17,1.62,0.82,0.48,0.37,0.108,0.42,0.35,0.85
exc12 ,18,0,0,1,0.05,0.02,2,0.02,0,1.384437339,4,5,7,5,6,5,5,6,7,2.53,2.44,2.6,23,14,9,44,35,17,11,19,11,13,15,39,9,6,12,12,17,25,6.33,5.75,6.75,6.5,5,6,7,7,0.521,0.575,0.467,0.9,0.37,0.72,0.45,1.27,1.17,1.62,0.82,0.48,0.37,0.108,0.42,0.35,0.85
exc12 ,18,0,0,1,0.05,0.01,2,0.01,1,2.001772166,4,5,7,5,6,5,5,6,7,2.53,2.44,2.6,23,14,9,44,35,17,11,19,11,13,15,39,9,6,12,12,17,25,6.33,5.75,6.75,6.5,5,6,7,7,0.521,0.575,0.467,0.9,0.37,0.72,0.45,1.27,1.17,1.62,0.82,0.48,0.37,0.108,0.42,0.35,0.85
exc12 ,18,0,0,1,0.03,0.02,2,0.02,1,2.436557642,4,5,7,5,6,5,5,6,7,2.53,2.44,2.6,23,14,9,44,35,17,11,19,11,13,15,39,9,6,12,12,17,25,6.33,5.75,6.75,6.5,5,6,7,7,0.521,0.575,0.467,0.9,0.37,0.72,0.45,1.27,1.17,1.62,0.82,0.48,0.37,0.108,0.42,0.35,0.85
exc12 ,18,0,0,1,0.02,0.04,1,0.02,1,1.73489374,4,5,7,5,6,5,5,6,7,2.53,2.44,2.6,23,14,9,44,35,17,11,19,11,13,15,39,9,6,12,12,17,25,6.33,5.75,6.75,6.5,5,6,7,7,0.521,0.575,0.467,0.9,0.37,0.72,0.45,1.27,1.17,1.62,0.82,0.48,0.37,0.108,0.42,0.35,0.85
exc12 ,18,0,0,1,0.05,0.01,2,0.01,0,2.635283846,4,5,7,5,6,5,5,6,7,2.53,2.44,2.6,23,14,9,44,35,17,11,19,11,13,15,39,9,6,12,12,17,25,6.33,5.75,6.75,6.5,5,6,7,7,0.521,0.575,0.467,0.9,0.37,0.72,0.45,1.27,1.17,1.62,0.82,0.48,0.37,0.108,0.42,0.35,0.85
exc12 ,18,0,0,1,0.02,0.01,2,0.01,1,3.785622559,4,5,7,5,6,5,5,6,7,2.53,2.44,2.6,23,14,9,44,35,17,11,19,11,13,15,39,9,6,12,12,17,25,6.33,5.75,6.75,6.5,5,6,7,7,0.521,0.575,0.467,0.9,0.37,0.72,0.45,1.27,1.17,1.62,0.82,0.48,0.37,0.108,0.42,0.35,0.85
exc12 ,18,0,0,1,0.02,0.02,1,0.02,0,1.901269659,4,5,7,5,6,5,5,6,7,2.53,2.44,2.6,23,14,9,44,35,17,11,19,11,13,15,39,9,6,12,12,17,25,6.33,5.75,6.75,6.5,5,6,7,7,0.521,0.575,0.467,0.9,0.37,0.72,0.45,1.27,1.17,1.62,0.82,0.48,0.37,0.108,0.42,0.35,0.85
exc12 ,18,0,0,1,0.04,0.03,2,0.03,0,3.251514879,4,5,7,5,6,5,5,6,7,2.53,2.44,2.6,23,14,9,44,35,17,11,19,11,13,15,39,9,6,12,12,17,25,6.33,5.75,6.75,6.5,5,6,7,7,0.521,0.575,0.467,0.9,0.37,0.72,0.45,1.27,1.17,1.62,0.82,0.48,0.37,0.108,0.42,0.35,0.85
exc12 ,18,0,0,1,0.02,0.05,1,0.02,1,2.818662054,4,5,7,5,6,5,5,6,7,2.53,2.44,2.6,23,14,9,44,35,17,11,19,11,13,15,39,9,6,12,12,17,25,6.33,5.75,6.75,6.5,5,6,7,7,0.521,0.575,0.467,0.9,0.37,0.72,0.45,1.27,1.17,1.62,0.82,0.48,0.37,0.108,0.42,0.35,0.85
exc12 ,18,0,0,1,0.03,0.01,2,0.01,0,2.43515434,4,5,7,5,6,5,5,6,7,2.53,2.44,2.6,23,14,9,44,35,17,11,19,11,13,15,39,9,6,12,12,17,25,6.33,5.75,6.75,6.5,5,6,7,7,0.521,0.575,0.467,0.9,0.37,0.72,0.45,1.27,1.17,1.62,0.82,0.48,0.37,0.108,0.42,0.35,0.85
exc12 ,18,0,0,1,0.04,0.04,1,0.04,1,2.034908389,4,5,7,5,6,5,5,6,7,2.53,2.44,2.6,23,14,9,44,35,17,11,19,11,13,15,39,9,6,12,12,17,25,6.33,5.75,6.75,6.5,5,6,7,7,0.521,0.575,0.467,0.9,0.37,0.72,0.45,1.27,1.17,1.62,0.82,0.48,0.37,0.108,0.42,0.35,0.85
exc12 ,18,0,0,1,0.04,0.01,NA,NA,NA,NA,4,5,7,5,6,5,5,6,7,2.53,2.44,2.6,23,14,9,44,35,17,11,19,11,13,15,39,9,6,12,12,17,25,6.33,5.75,6.75,6.5,5,6,7,7,0.521,0.575,0.467,0.9,0.37,0.72,0.45,1.27,1.17,1.62,0.82,0.48,0.37,0.108,0.42,0.35,0.85
exc12 ,18,0,0,1,0.01,0.05,1,0.01,0,3.584989207,4,5,7,5,6,5,5,6,7,2.53,2.44,2.6,23,14,9,44,35,17,11,19,11,13,15,39,9,6,12,12,17,25,6.33,5.75,6.75,6.5,5,6,7,7,0.521,0.575,0.467,0.9,0.37,0.72,0.45,1.27,1.17,1.62,0.82,0.48,0.37,0.108,0.42,0.35,0.85
exc12 ,18,0,0,1,0.04,0.03,2,0.03,0,1.984581091,4,5,7,5,6,5,5,6,7,2.53,2.44,2.6,23,14,9,44,35,17,11,19,11,13,15,39,9,6,12,12,17,25,6.33,5.75,6.75,6.5,5,6,7,7,0.521,0.575,0.467,0.9,0.37,0.72,0.45,1.27,1.17,1.62,0.82,0.48,0.37,0.108,0.42,0.35,0.85
exc12 ,18,0,0,1,0.03,0.02,2,0.02,0,2.801991619,4,5,7,5,6,5,5,6,7,2.53,2.44,2.6,23,14,9,44,35,17,11,19,11,13,15,39,9,6,12,12,17,25,6.33,5.75,6.75,6.5,5,6,7,7,0.521,0.575,0.467,0.9,0.37,0.72,0.45,1.27,1.17,1.62,0.82,0.48,0.37,0.108,0.42,0.35,0.85
exc12 ,18,0,0,1,0.01,0.01,2,0.01,1,3.235495711,4,5,7,5,6,5,5,6,7,2.53,2.44,2.6,23,14,9,44,35,17,11,19,11,13,15,39,9,6,12,12,17,25,6.33,5.75,6.75,6.5,5,6,7,7,0.521,0.575,0.467,0.9,0.37,0.72,0.45,1.27,1.17,1.62,0.82,0.48,0.37,0.108,0.42,0.35,0.85
exc12 ,18,0,0,1,0.03,0.05,1,0.03,1,3.068055185,4,5,7,5,6,5,5,6,7,2.53,2.44,2.6,23,14,9,44,35,17,11,19,11,13,15,39,9,6,12,12,17,25,6.33,5.75,6.75,6.5,5,6,7,7,0.521,0.575,0.467,0.9,0.37,0.72,0.45,1.27,1.17,1.62,0.82,0.48,0.37,0.108,0.42,0.35,0.85
exc12 ,18,0,0,1,0.04,0.02,2,0.02,1,3.43542368,4,5,7,5,6,5,5,6,7,2.53,2.44,2.6,23,14,9,44,35,17,11,19,11,13,15,39,9,6,12,12,17,25,6.33,5.75,6.75,6.5,5,6,7,7,0.521,0.575,0.467,0.9,0.37,0.72,0.45,1.27,1.17,1.62,0.82,0.48,0.37,0.108,0.42,0.35,0.85
exc12 ,18,0,0,1,0.05,0.03,2,0.03,0,2.251950301,4,5,7,5,6,5,5,6,7,2.53,2.44,2.6,23,14,9,44,35,17,11,19,11,13,15,39,9,6,12,12,17,25,6.33,5.75,6.75,6.5,5,6,7,7,0.521,0.575,0.467,0.9,0.37,0.72,0.45,1.27,1.17,1.62,0.82,0.48,0.37,0.108,0.42,0.35,0.85
exc12 ,18,0,0,1,0.02,0.03,1,0.02,0,1.618109566,4,5,7,5,6,5,5,6,7,2.53,2.44,2.6,23,14,9,44,35,17,11,19,11,13,15,39,9,6,12,12,17,25,6.33,5.75,6.75,6.5,5,6,7,7,0.521,0.575,0.467,0.9,0.37,0.72,0.45,1.27,1.17,1.62,0.82,0.48,0.37,0.108,0.42,0.35,0.85
exc12 ,18,0,0,1,0.01,0.05,NA,NA,NA,NA,4,5,7,5,6,5,5,6,7,2.53,2.44,2.6,23,14,9,44,35,17,11,19,11,13,15,39,9,6,12,12,17,25,6.33,5.75,6.75,6.5,5,6,7,7,0.521,0.575,0.467,0.9,0.37,0.72,0.45,1.27,1.17,1.62,0.82,0.48,0.37,0.108,0.42,0.35,0.85
exc12 ,18,0,0,1,0.02,0.03,1,0.02,1,2.951802849,4,5,7,5,6,5,5,6,7,2.53,2.44,2.6,23,14,9,44,35,17,11,19,11,13,15,39,9,6,12,12,17,25,6.33,5.75,6.75,6.5,5,6,7,7,0.521,0.575,0.467,0.9,0.37,0.72,0.45,1.27,1.17,1.62,0.82,0.48,0.37,0.108,0.42,0.35,0.85
exc12 ,18,0,0,1,0.01,0.02,1,0.01,0,1.184298192,4,5,7,5,6,5,5,6,7,2.53,2.44,2.6,23,14,9,44,35,17,11,19,11,13,15,39,9,6,12,12,17,25,6.33,5.75,6.75,6.5,5,6,7,7,0.521,0.575,0.467,0.9,0.37,0.72,0.45,1.27,1.17,1.62,0.82,0.48,0.37,0.108,0.42,0.35,0.85
exc12 ,18,0,0,1,0.03,0.01,2,0.01,0,2.001809178,4,5,7,5,6,5,5,6,7,2.53,2.44,2.6,23,14,9,44,35,17,11,19,11,13,15,39,9,6,12,12,17,25,6.33,5.75,6.75,6.5,5,6,7,7,0.521,0.575,0.467,0.9,0.37,0.72,0.45,1.27,1.17,1.62,0.82,0.48,0.37,0.108,0.42,0.35,0.85
exc12 ,18,0,0,1,0.05,0.02,2,0.02,1,1.500889038,4,5,7,5,6,5,5,6,7,2.53,2.44,2.6,23,14,9,44,35,17,11,19,11,13,15,39,9,6,12,12,17,25,6.33,5.75,6.75,6.5,5,6,7,7,0.521,0.575,0.467,0.9,0.37,0.72,0.45,1.27,1.17,1.62,0.82,0.48,0.37,0.108,0.42,0.35,0.85
exc12 ,18,0,0,1,0.03,0.03,1,0.03,1,2.585057318,4,5,7,5,6,5,5,6,7,2.53,2.44,2.6,23,14,9,44,35,17,11,19,11,13,15,39,9,6,12,12,17,25,6.33,5.75,6.75,6.5,5,6,7,7,0.521,0.575,0.467,0.9,0.37,0.72,0.45,1.27,1.17,1.62,0.82,0.48,0.37,0.108,0.42,0.35,0.85
exc12 ,18,0,0,1,0.02,0.04,1,0.02,0,1.384914438,4,5,7,5,6,5,5,6,7,2.53,2.44,2.6,23,14,9,44,35,17,11,19,11,13,15,39,9,6,12,12,17,25,6.33,5.75,6.75,6.5,5,6,7,7,0.521,0.575,0.467,0.9,0.37,0.72,0.45,1.27,1.17,1.62,0.82,0.48,0.37,0.108,0.42,0.35,0.85
exc12 ,18,0,0,1,0.05,0.01,2,0.01,1,2.585140982,4,5,7,5,6,5,5,6,7,2.53,2.44,2.6,23,14,9,44,35,17,11,19,11,13,15,39,9,6,12,12,17,25,6.33,5.75,6.75,6.5,5,6,7,7,0.521,0.575,0.467,0.9,0.37,0.72,0.45,1.27,1.17,1.62,0.82,0.48,0.37,0.108,0.42,0.35,0.85
exc12 ,18,0,0,1,0.02,0.05,1,0.02,0,3.168508553,4,5,7,5,6,5,5,6,7,2.53,2.44,2.6,23,14,9,44,35,17,11,19,11,13,15,39,9,6,12,12,17,25,6.33,5.75,6.75,6.5,5,6,7,7,0.521,0.575,0.467,0.9,0.37,0.72,0.45,1.27,1.17,1.62,0.82,0.48,0.37,0.108,0.42,0.35,0.85
exc12 ,18,0,0,1,0.05,0.01,2,0.01,0,3.651618385,4,5,7,5,6,5,5,6,7,2.53,2.44,2.6,23,14,9,44,35,17,11,19,11,13,15,39,9,6,12,12,17,25,6.33,5.75,6.75,6.5,5,6,7,7,0.521,0.575,0.467,0.9,0.37,0.72,0.45,1.27,1.17,1.62,0.82,0.48,0.37,0.108,0.42,0.35,0.85
exc12 ,18,0,0,1,0.01,0.05,1,0.01,1,3.552090599,4,5,7,5,6,5,5,6,7,2.53,2.44,2.6,23,14,9,44,35,17,11,19,11,13,15,39,9,6,12,12,17,25,6.33,5.75,6.75,6.5,5,6,7,7,0.521,0.575,0.467,0.9,0.37,0.72,0.45,1.27,1.17,1.62,0.82,0.48,0.37,0.108,0.42,0.35,0.85
exc12 ,18,0,0,1,0.05,0.03,NA,NA,NA,NA,4,5,7,5,6,5,5,6,7,2.53,2.44,2.6,23,14,9,44,35,17,11,19,11,13,15,39,9,6,12,12,17,25,6.33,5.75,6.75,6.5,5,6,7,7,0.521,0.575,0.467,0.9,0.37,0.72,0.45,1.27,1.17,1.62,0.82,0.48,0.37,0.108,0.42,0.35,0.85
exc12 ,18,0,0,1,0.04,0.01,2,0.01,0,3.368833688,4,5,7,5,6,5,5,6,7,2.53,2.44,2.6,23,14,9,44,35,17,11,19,11,13,15,39,9,6,12,12,17,25,6.33,5.75,6.75,6.5,5,6,7,7,0.521,0.575,0.467,0.9,0.37,0.72,0.45,1.27,1.17,1.62,0.82,0.48,0.37,0.108,0.42,0.35,0.85
exc12 ,18,0,0,1,0.01,0.03,1,0.01,1,1.451146139,4,5,7,5,6,5,5,6,7,2.53,2.44,2.6,23,14,9,44,35,17,11,19,11,13,15,39,9,6,12,12,17,25,6.33,5.75,6.75,6.5,5,6,7,7,0.521,0.575,0.467,0.9,0.37,0.72,0.45,1.27,1.17,1.62,0.82,0.48,0.37,0.108,0.42,0.35,0.85
exc12 ,18,0,0,1,0.04,0.01,2,0.01,1,1.651674679,4,5,7,5,6,5,5,6,7,2.53,2.44,2.6,23,14,9,44,35,17,11,19,11,13,15,39,9,6,12,12,17,25,6.33,5.75,6.75,6.5,5,6,7,7,0.521,0.575,0.467,0.9,0.37,0.72,0.45,1.27,1.17,1.62,0.82,0.48,0.37,0.108,0.42,0.35,0.85
exc12 ,18,0,0,1,0.03,0.05,1,0.03,0,1.651680277,4,5,7,5,6,5,5,6,7,2.53,2.44,2.6,23,14,9,44,35,17,11,19,11,13,15,39,9,6,12,12,17,25,6.33,5.75,6.75,6.5,5,6,7,7,0.521,0.575,0.467,0.9,0.37,0.72,0.45,1.27,1.17,1.62,0.82,0.48,0.37,0.108,0.42,0.35,0.85
exc12 ,18,0,0,1,0.05,0.02,2,0.02,0,1.60164689,4,5,7,5,6,5,5,6,7,2.53,2.44,2.6,23,14,9,44,35,17,11,19,11,13,15,39,9,6,12,12,17,25,6.33,5.75,6.75,6.5,5,6,7,7,0.521,0.575,0.467,0.9,0.37,0.72,0.45,1.27,1.17,1.62,0.82,0.48,0.37,0.108,0.42,0.35,0.85
exc12 ,18,0,0,1,0.01,0.04,1,0.01,0,3.218660438,4,5,7,5,6,5,5,6,7,2.53,2.44,2.6,23,14,9,44,35,17,11,19,11,13,15,39,9,6,12,12,17,25,6.33,5.75,6.75,6.5,5,6,7,7,0.521,0.575,0.467,0.9,0.37,0.72,0.45,1.27,1.17,1.62,0.82,0.48,0.37,0.108,0.42,0.35,0.85
exc12 ,18,0,0,1,0.05,0.03,NA,NA,NA,NA,4,5,7,5,6,5,5,6,7,2.53,2.44,2.6,23,14,9,44,35,17,11,19,11,13,15,39,9,6,12,12,17,25,6.33,5.75,6.75,6.5,5,6,7,7,0.521,0.575,0.467,0.9,0.37,0.72,0.45,1.27,1.17,1.62,0.82,0.48,0.37,0.108,0.42,0.35,0.85
exc12 ,18,0,0,1,0.01,0.04,1,0.01,1,1.451596489,4,5,7,5,6,5,5,6,7,2.53,2.44,2.6,23,14,9,44,35,17,11,19,11,13,15,39,9,6,12,12,17,25,6.33,5.75,6.75,6.5,5,6,7,7,0.521,0.575,0.467,0.9,0.37,0.72,0.45,1.27,1.17,1.62,0.82,0.48,0.37,0.108,0.42,0.35,0.85
exc12 ,18,0,0,1,0.03,0.03,1,0.03,1,3.485351943,4,5,7,5,6,5,5,6,7,2.53,2.44,2.6,23,14,9,44,35,17,11,19,11,13,15,39,9,6,12,12,17,25,6.33,5.75,6.75,6.5,5,6,7,7,0.521,0.575,0.467,0.9,0.37,0.72,0.45,1.27,1.17,1.62,0.82,0.48,0.37,0.108,0.42,0.35,0.85
exc12 ,18,0,0,1,0.01,0.02,NA,NA,NA,NA,4,5,7,5,6,5,5,6,7,2.53,2.44,2.6,23,14,9,44,35,17,11,19,11,13,15,39,9,6,12,12,17,25,6.33,5.75,6.75,6.5,5,6,7,7,0.521,0.575,0.467,0.9,0.37,0.72,0.45,1.27,1.17,1.62,0.82,0.48,0.37,0.108,0.42,0.35,0.85
exc12 ,18,0,1,1,0.02,0.03,1,0.02,1,2.651954282,4,5,7,5,6,5,5,6,7,2.53,2.44,2.6,23,14,9,44,35,17,11,19,11,13,15,39,9,6,12,12,17,25,6.33,5.75,6.75,6.5,5,6,7,7,0.521,0.575,0.467,0.9,0.37,0.72,0.45,1.27,1.17,1.62,0.82,0.48,0.37,0.108,0.42,0.35,0.85
exc12 ,18,0,1,1,0.03,0.03,2,0.03,1,2.301871101,4,5,7,5,6,5,5,6,7,2.53,2.44,2.6,23,14,9,44,35,17,11,19,11,13,15,39,9,6,12,12,17,25,6.33,5.75,6.75,6.5,5,6,7,7,0.521,0.575,0.467,0.9,0.37,0.72,0.45,1.27,1.17,1.62,0.82,0.48,0.37,0.108,0.42,0.35,0.85
exc12 ,18,0,1,1,0.02,0.05,NA,NA,NA,NA,4,5,7,5,6,5,5,6,7,2.53,2.44,2.6,23,14,9,44,35,17,11,19,11,13,15,39,9,6,12,12,17,25,6.33,5.75,6.75,6.5,5,6,7,7,0.521,0.575,0.467,0.9,0.37,0.72,0.45,1.27,1.17,1.62,0.82,0.48,0.37,0.108,0.42,0.35,0.85
exc12 ,18,0,1,1,0.04,0.02,2,0.02,1,2.185150375,4,5,7,5,6,5,5,6,7,2.53,2.44,2.6,23,14,9,44,35,17,11,19,11,13,15,39,9,6,12,12,17,25,6.33,5.75,6.75,6.5,5,6,7,7,0.521,0.575,0.467,0.9,0.37,0.72,0.45,1.27,1.17,1.62,0.82,0.48,0.37,0.108,0.42,0.35,0.85
exc12 ,18,0,1,1,0.01,0.04,1,0.01,1,1.101535702,4,5,7,5,6,5,5,6,7,2.53,2.44,2.6,23,14,9,44,35,17,11,19,11,13,15,39,9,6,12,12,17,25,6.33,5.75,6.75,6.5,5,6,7,7,0.521,0.575,0.467,0.9,0.37,0.72,0.45,1.27,1.17,1.62,0.82,0.48,0.37,0.108,0.42,0.35,0.85
exc12 ,18,0,1,1,0.02,0.05,1,0.02,1,1.784834445,4,5,7,5,6,5,5,6,7,2.53,2.44,2.6,23,14,9,44,35,17,11,19,11,13,15,39,9,6,12,12,17,25,6.33,5.75,6.75,6.5,5,6,7,7,0.521,0.575,0.467,0.9,0.37,0.72,0.45,1.27,1.17,1.62,0.82,0.48,0.37,0.108,0.42,0.35,0.85
exc12 ,18,0,1,1,0.03,0.02,2,0.02,1,2.101339762,4,5,7,5,6,5,5,6,7,2.53,2.44,2.6,23,14,9,44,35,17,11,19,11,13,15,39,9,6,12,12,17,25,6.33,5.75,6.75,6.5,5,6,7,7,0.521,0.575,0.467,0.9,0.37,0.72,0.45,1.27,1.17,1.62,0.82,0.48,0.37,0.108,0.42,0.35,0.85
exc12 ,18,0,1,1,0.05,0.02,NA,NA,NA,NA,4,5,7,5,6,5,5,6,7,2.53,2.44,2.6,23,14,9,44,35,17,11,19,11,13,15,39,9,6,12,12,17,25,6.33,5.75,6.75,6.5,5,6,7,7,0.521,0.575,0.467,0.9,0.37,0.72,0.45,1.27,1.17,1.62,0.82,0.48,0.37,0.108,0.42,0.35,0.85
exc12 ,18,0,1,1,0.01,0.05,1,0.01,1,1.268063396,4,5,7,5,6,5,5,6,7,2.53,2.44,2.6,23,14,9,44,35,17,11,19,11,13,15,39,9,6,12,12,17,25,6.33,5.75,6.75,6.5,5,6,7,7,0.521,0.575,0.467,0.9,0.37,0.72,0.45,1.27,1.17,1.62,0.82,0.48,0.37,0.108,0.42,0.35,0.85
exc12 ,18,0,1,1,0.01,0.02,1,0.01,1,1.50158789,4,5,7,5,6,5,5,6,7,2.53,2.44,2.6,23,14,9,44,35,17,11,19,11,13,15,39,9,6,12,12,17,25,6.33,5.75,6.75,6.5,5,6,7,7,0.521,0.575,0.467,0.9,0.37,0.72,0.45,1.27,1.17,1.62,0.82,0.48,0.37,0.108,0.42,0.35,0.85
exc12 ,18,0,1,1,0.01,0.03,1,0.01,1,1.051203739,4,5,7,5,6,5,5,6,7,2.53,2.44,2.6,23,14,9,44,35,17,11,19,11,13,15,39,9,6,12,12,17,25,6.33,5.75,6.75,6.5,5,6,7,7,0.521,0.575,0.467,0.9,0.37,0.72,0.45,1.27,1.17,1.62,0.82,0.48,0.37,0.108,0.42,0.35,0.85
exc12 ,18,0,1,1,0.01,0.01,NA,NA,NA,NA,4,5,7,5,6,5,5,6,7,2.53,2.44,2.6,23,14,9,44,35,17,11,19,11,13,15,39,9,6,12,12,17,25,6.33,5.75,6.75,6.5,5,6,7,7,0.521,0.575,0.467,0.9,0.37,0.72,0.45,1.27,1.17,1.62,0.82,0.48,0.37,0.108,0.42,0.35,0.85
exc12 ,18,0,1,1,0.04,0.03,NA,NA,NA,NA,4,5,7,5,6,5,5,6,7,2.53,2.44,2.6,23,14,9,44,35,17,11,19,11,13,15,39,9,6,12,12,17,25,6.33,5.75,6.75,6.5,5,6,7,7,0.521,0.575,0.467,0.9,0.37,0.72,0.45,1.27,1.17,1.62,0.82,0.48,0.37,0.108,0.42,0.35,0.85
exc12 ,18,0,1,1,0.03,0.01,2,0.01,1,3.585710762,4,5,7,5,6,5,5,6,7,2.53,2.44,2.6,23,14,9,44,35,17,11,19,11,13,15,39,9,6,12,12,17,25,6.33,5.75,6.75,6.5,5,6,7,7,0.521,0.575,0.467,0.9,0.37,0.72,0.45,1.27,1.17,1.62,0.82,0.48,0.37,0.108,0.42,0.35,0.85
exc12 ,18,0,1,1,0.02,0.01,2,0.01,1,1.384689574,4,5,7,5,6,5,5,6,7,2.53,2.44,2.6,23,14,9,44,35,17,11,19,11,13,15,39,9,6,12,12,17,25,6.33,5.75,6.75,6.5,5,6,7,7,0.521,0.575,0.467,0.9,0.37,0.72,0.45,1.27,1.17,1.62,0.82,0.48,0.37,0.108,0.42,0.35,0.85
exc12 ,18,0,1,1,0.03,0.04,1,0.03,1,1.785058376,4,5,7,5,6,5,5,6,7,2.53,2.44,2.6,23,14,9,44,35,17,11,19,11,13,15,39,9,6,12,12,17,25,6.33,5.75,6.75,6.5,5,6,7,7,0.521,0.575,0.467,0.9,0.37,0.72,0.45,1.27,1.17,1.62,0.82,0.48,0.37,0.108,0.42,0.35,0.85
exc12 ,18,0,1,1,0.05,0.03,1,0.05,1,3.651624605,4,5,7,5,6,5,5,6,7,2.53,2.44,2.6,23,14,9,44,35,17,11,19,11,13,15,39,9,6,12,12,17,25,6.33,5.75,6.75,6.5,5,6,7,7,0.521,0.575,0.467,0.9,0.37,0.72,0.45,1.27,1.17,1.62,0.82,0.48,0.37,0.108,0.42,0.35,0.85
exc12 ,18,0,1,1,0.01,0.05,NA,NA,NA,NA,4,5,7,5,6,5,5,6,7,2.53,2.44,2.6,23,14,9,44,35,17,11,19,11,13,15,39,9,6,12,12,17,25,6.33,5.75,6.75,6.5,5,6,7,7,0.521,0.575,0.467,0.9,0.37,0.72,0.45,1.27,1.17,1.62,0.82,0.48,0.37,0.108,0.42,0.35,0.85
exc12 ,18,0,1,1,0.03,0.05,1,0.03,1,2.484800202,4,5,7,5,6,5,5,6,7,2.53,2.44,2.6,23,14,9,44,35,17,11,19,11,13,15,39,9,6,12,12,17,25,6.33,5.75,6.75,6.5,5,6,7,7,0.521,0.575,0.467,0.9,0.37,0.72,0.45,1.27,1.17,1.62,0.82,0.48,0.37,0.108,0.42,0.35,0.85
exc12 ,18,0,1,1,0.02,0.04,1,0.02,1,1.51818026,4,5,7,5,6,5,5,6,7,2.53,2.44,2.6,23,14,9,44,35,17,11,19,11,13,15,39,9,6,12,12,17,25,6.33,5.75,6.75,6.5,5,6,7,7,0.521,0.575,0.467,0.9,0.37,0.72,0.45,1.27,1.17,1.62,0.82,0.48,0.37,0.108,0.42,0.35,0.85
exc12 ,18,0,1,1,0.05,0.02,2,0.02,1,1.33463597,4,5,7,5,6,5,5,6,7,2.53,2.44,2.6,23,14,9,44,35,17,11,19,11,13,15,39,9,6,12,12,17,25,6.33,5.75,6.75,6.5,5,6,7,7,0.521,0.575,0.467,0.9,0.37,0.72,0.45,1.27,1.17,1.62,0.82,0.48,0.37,0.108,0.42,0.35,0.85
exc12 ,18,0,1,1,0.05,0.01,2,0.01,1,1.801252646,4,5,7,5,6,5,5,6,7,2.53,2.44,2.6,23,14,9,44,35,17,11,19,11,13,15,39,9,6,12,12,17,25,6.33,5.75,6.75,6.5,5,6,7,7,0.521,0.575,0.467,0.9,0.37,0.72,0.45,1.27,1.17,1.62,0.82,0.48,0.37,0.108,0.42,0.35,0.85
exc12 ,18,0,1,1,0.04,0.01,2,0.01,1,1.618315769,4,5,7,5,6,5,5,6,7,2.53,2.44,2.6,23,14,9,44,35,17,11,19,11,13,15,39,9,6,12,12,17,25,6.33,5.75,6.75,6.5,5,6,7,7,0.521,0.575,0.467,0.9,0.37,0.72,0.45,1.27,1.17,1.62,0.82,0.48,0.37,0.108,0.42,0.35,0.85
exc12 ,18,0,1,1,0.05,0.01,2,0.01,1,2.66797656,4,5,7,5,6,5,5,6,7,2.53,2.44,2.6,23,14,9,44,35,17,11,19,11,13,15,39,9,6,12,12,17,25,6.33,5.75,6.75,6.5,5,6,7,7,0.521,0.575,0.467,0.9,0.37,0.72,0.45,1.27,1.17,1.62,0.82,0.48,0.37,0.108,0.42,0.35,0.85
exc12 ,18,0,1,1,0.02,0.02,NA,NA,NA,NA,4,5,7,5,6,5,5,6,7,2.53,2.44,2.6,23,14,9,44,35,17,11,19,11,13,15,39,9,6,12,12,17,25,6.33,5.75,6.75,6.5,5,6,7,7,0.521,0.575,0.467,0.9,0.37,0.72,0.45,1.27,1.17,1.62,0.82,0.48,0.37,0.108,0.42,0.35,0.85